-- Script de inserción de 100 pedidos y datos relacionados
USE PAN_DE_CASA; -- Reemplaza PAN_DE_CASA con el nombre real de tu base de datos si es diferente

-- 1. Clientes (30)
INSERT INTO Cliente (IdNit, Nombre, Apellido, Direccion, Correo, Celular) VALUES
(1001, 'Camila', 'Reyes', 'Calle 69 # 49-52', 'camila.reyes69@email.com', 306087657),
(1002, 'Maria', 'Rios', 'Carrera 41 # 87-38', 'maria.rios69@email.com', 315961347),
(1003, 'Daniel', 'Silva', 'Diagonal 89 # 90-80', 'daniel.silva67@email.com', 304505588),
(1004, 'Andres', 'Garcia', 'Transversal 76 # 52-81', 'andres.garcia12@email.com', 316259179),
(1005, 'Juan', 'Gomez', 'Avenida 75 # 23-70', 'juan.gomez84@email.com', 312779495),
(1006, 'Juan', 'Silva', 'Carrera 80 # 77-46', 'juan.silva95@email.com', 305183304),
(1007, 'Pedro', 'Garcia', 'Avenida 12 # 20-48', 'pedro.garcia44@email.com', 318499585),
(1008, 'Carlos', 'Sanchez', 'Diagonal 69 # 2-8', 'carlos.sanchez42@email.com', 317290852),
(1009, 'Valeria', 'Diaz', 'Avenida 70 # 100-79', 'valeria.diaz22@email.com', 305827743),
(1010, 'Victor', 'Rodriguez', 'Avenida 9 # 25-49', 'victor.rodriguez38@email.com', 307084818),
(1011, 'Ana', 'Diaz', 'Calle 79 # 34-80', 'ana.diaz90@email.com', 306547946),
(1012, 'Andres', 'Mendoza', 'Carrera 78 # 35-2', 'andres.mendoza52@email.com', 311196468),
(1013, 'Elena', 'Mendoza', 'Carrera 19 # 86-61', 'elena.mendoza95@email.com', 304031485),
(1014, 'Sofia', 'Ramirez', 'Calle 97 # 2-84', 'sofia.ramirez85@email.com', 315498182),
(1015, 'Carlos', 'Garcia', 'Calle 45 # 33-53', 'carlos.garcia16@email.com', 318593792),
(1016, 'Patricia', 'Diaz', 'Diagonal 45 # 33-15', 'patricia.diaz61@email.com', 304587443),
(1017, 'Maria', 'Lopez', 'Diagonal 24 # 60-10', 'maria.lopez54@email.com', 309807413),
(1018, 'Maria', 'Silva', 'Calle 59 # 57-85', 'maria.silva26@email.com', 303724995),
(1019, 'Andres', 'Suarez', 'Avenida 35 # 12-44', 'andres.suarez31@email.com', 302241060),
(1020, 'Juan', 'Silva', 'Carrera 10 # 2-1', 'juan.silva61@email.com', 309570854),
(1021, 'Patricia', 'Mendoza', 'Diagonal 70 # 17-43', 'patricia.mendoza80@email.com', 309509647),
(1022, 'Fernando', 'Martinez', 'Carrera 1 # 86-62', 'fernando.martinez26@email.com', 312979615),
(1023, 'Patricia', 'Rojas', 'Calle 72 # 31-6', 'patricia.rojas4@email.com', 319984316),
(1024, 'Pedro', 'Martinez', 'Diagonal 63 # 39-15', 'pedro.martinez31@email.com', 319821709),
(1025, 'Marta', 'Gomez', 'Avenida 96 # 38-26', 'marta.gomez1@email.com', 314625466),
(1026, 'Pedro', 'Perez', 'Transversal 80 # 72-52', 'pedro.perez74@email.com', 315788330),
(1027, 'Daniel', 'Martinez', 'Calle 86 # 76-20', 'daniel.martinez90@email.com', 314275369),
(1028, 'Diego', 'Torres', 'Avenida 96 # 44-5', 'diego.torres63@email.com', 315860867),
(1029, 'Diana', 'Silva', 'Diagonal 14 # 10-14', 'diana.silva78@email.com', 309016099),
(1030, 'Jorge', 'Garcia', 'Diagonal 9 # 23-57', 'jorge.garcia58@email.com', 303546869);

-- 2. Articulos (15)
INSERT INTO Articulo (IdArticulo, Nombre, Unidad, PrecioUnitario, Descripcion) VALUES
(1, 'Pan Frances', 'Unidad', 500, 'Pan tradicional frances crujiente'),
(2, 'Pan de Bono', 'Unidad', 1500, 'Pan de bono horneado con queso'),
(3, 'Croissant', 'Unidad', 2500, 'Croissant de mantequilla'),
(4, 'Torta de Chocolate', 'Porcion', 4500, 'Porcion de torta de chocolate humeda'),
(5, 'Galletas de Avena', 'Docena', 6000, 'Docena de galletas de avena con pasas'),
(6, 'Pan Integral', 'Unidad', 800, 'Pan saludable 100% integral'),
(7, 'Buñuelo', 'Unidad', 1200, 'Buñuelo tradicional frito'),
(8, 'Pastel de Pollo', 'Unidad', 3500, 'Pastel hojaldrado relleno de pollo'),
(9, 'Empanada', 'Unidad', 2000, 'Empanada horneada de carne'),
(10, 'Torta Tres Leches', 'Porcion', 5000, 'Porcion de torta tres leches'),
(11, 'Roscon de Arequipe', 'Unidad', 3000, 'Roscon tradicional relleno de arequipe'),
(12, 'Pan de Queso', 'Unidad', 1800, 'Pan suave con queso en el centro'),
(13, 'Brazo de Reina', 'Porcion', 4000, 'Pionono relleno de crema y fresas'),
(14, 'Galleta de Chocolate', 'Unidad', 1500, 'Galleta con chispas de chocolate'),
(15, 'Muffin de Arandanos', 'Unidad', 2500, 'Muffin esponjoso de arandanos');

-- 3. DiasHabiles (15)
INSERT INTO DiasHabiles (IdCalendarioPedido, DiasHabiles, HoraInicio, HoraFin) VALUES
(301, '2026-05-01', '14:00:00', '18:00:00'),
(302, '2026-05-02', '14:00:00', '18:00:00'),
(303, '2026-05-03', '08:00:00', '12:00:00'),
(304, '2026-05-04', '08:00:00', '12:00:00'),
(305, '2026-05-05', '14:00:00', '18:00:00'),
(306, '2026-05-06', '14:00:00', '18:00:00'),
(307, '2026-05-07', '08:00:00', '12:00:00'),
(308, '2026-05-08', '08:00:00', '12:00:00'),
(309, '2026-05-09', '08:00:00', '12:00:00'),
(310, '2026-05-10', '08:00:00', '12:00:00'),
(311, '2026-05-11', '08:00:00', '12:00:00'),
(312, '2026-05-12', '14:00:00', '18:00:00'),
(313, '2026-05-13', '08:00:00', '12:00:00'),
(314, '2026-05-14', '14:00:00', '18:00:00'),
(315, '2026-05-15', '14:00:00', '18:00:00');

-- 4. Pedidos (100)
INSERT INTO Pedido (IdPedido, FechaPedido, HoraPedido, EstadoPedido, DiasHabiles_IdCalendarioPedido, DiasHabiles_IdCalendarioPedido1, Cliente_IdNit) VALUES
(401, '2026-05-07', '15:30:00', 'Cancelado', 307, 307, 1026),
(402, '2026-05-08', '13:30:00', 'En Preparacion', 307, 307, 1022),
(403, '2026-05-12', '14:00:00', 'Entregado', 307, 307, 1019),
(404, '2026-05-07', '15:00:00', 'Pendiente', 313, 313, 1018),
(405, '2026-05-11', '16:30:00', 'Cancelado', 312, 306, 1020),
(406, '2026-05-12', '13:45:00', 'Cancelado', 310, 303, 1014),
(407, '2026-05-09', '18:45:00', 'En Preparacion', 309, 309, 1016),
(408, '2026-05-10', '13:15:00', 'En Camino', 306, 314, 1018),
(409, '2026-05-14', '13:45:00', 'En Camino', 314, 314, 1015),
(410, '2026-05-13', '12:45:00', 'Cancelado', 307, 307, 1029),
(411, '2026-05-04', '09:00:00', 'En Preparacion', 304, 304, 1027),
(412, '2026-05-10', '12:45:00', 'Pendiente', 310, 310, 1008),
(413, '2026-05-11', '07:45:00', 'Entregado', 301, 301, 1027),
(414, '2026-05-11', '17:15:00', 'Entregado', 311, 311, 1005),
(415, '2026-05-12', '12:15:00', 'Entregado', 315, 315, 1026),
(416, '2026-05-02', '09:15:00', 'Pendiente', 310, 312, 1022),
(417, '2026-05-05', '09:30:00', 'Cancelado', 308, 308, 1029),
(418, '2026-05-01', '10:00:00', 'Entregado', 306, 306, 1016),
(419, '2026-05-11', '18:15:00', 'Pendiente', 307, 307, 1027),
(420, '2026-05-03', '07:00:00', 'Cancelado', 303, 303, 1021),
(421, '2026-05-02', '17:00:00', 'En Preparacion', 315, 315, 1019),
(422, '2026-05-03', '11:00:00', 'Pendiente', 307, 307, 1017),
(423, '2026-05-05', '10:30:00', 'En Camino', 314, 314, 1011),
(424, '2026-05-14', '16:30:00', 'Entregado', 302, 302, 1020),
(425, '2026-05-06', '18:00:00', 'En Camino', 307, 307, 1017),
(426, '2026-05-09', '15:45:00', 'En Camino', 305, 305, 1015),
(427, '2026-05-06', '14:45:00', 'Cancelado', 302, 314, 1006),
(428, '2026-05-09', '16:30:00', 'Cancelado', 305, 305, 1026),
(429, '2026-05-05', '12:15:00', 'Entregado', 311, 311, 1023),
(430, '2026-05-12', '12:30:00', 'Cancelado', 303, 303, 1008),
(431, '2026-05-13', '16:45:00', 'Cancelado', 313, 313, 1003),
(432, '2026-05-10', '17:15:00', 'Pendiente', 303, 309, 1004),
(433, '2026-05-03', '10:30:00', 'Pendiente', 310, 310, 1012),
(434, '2026-05-13', '07:30:00', 'Cancelado', 312, 312, 1002),
(435, '2026-05-12', '12:15:00', 'En Preparacion', 314, 314, 1015),
(436, '2026-05-05', '18:00:00', 'En Camino', 312, 312, 1020),
(437, '2026-05-03', '13:15:00', 'Cancelado', 306, 302, 1027),
(438, '2026-05-08', '15:45:00', 'En Camino', 304, 304, 1019),
(439, '2026-05-07', '18:30:00', 'Pendiente', 315, 315, 1025),
(440, '2026-05-13', '13:15:00', 'En Preparacion', 306, 306, 1005),
(441, '2026-05-14', '13:30:00', 'Entregado', 311, 306, 1010),
(442, '2026-05-13', '14:00:00', 'En Preparacion', 313, 313, 1011),
(443, '2026-05-02', '15:45:00', 'Pendiente', 313, 313, 1003),
(444, '2026-05-13', '14:45:00', 'En Camino', 314, 314, 1008),
(445, '2026-05-07', '16:30:00', 'En Preparacion', 301, 312, 1007),
(446, '2026-05-13', '14:00:00', 'En Preparacion', 302, 302, 1007),
(447, '2026-05-10', '17:00:00', 'Entregado', 309, 309, 1007),
(448, '2026-05-05', '08:30:00', 'En Camino', 314, 307, 1001),
(449, '2026-05-12', '07:30:00', 'Entregado', 310, 310, 1011),
(450, '2026-05-05', '14:15:00', 'Cancelado', 315, 315, 1011),
(451, '2026-05-07', '10:15:00', 'Pendiente', 307, 307, 1015),
(452, '2026-05-09', '11:45:00', 'Pendiente', 307, 307, 1023),
(453, '2026-05-01', '15:45:00', 'En Preparacion', 302, 302, 1025),
(454, '2026-05-01', '18:15:00', 'Entregado', 307, 307, 1021),
(455, '2026-05-14', '17:45:00', 'Cancelado', 307, 307, 1014),
(456, '2026-05-08', '09:15:00', 'En Preparacion', 306, 308, 1027),
(457, '2026-05-12', '07:30:00', 'Entregado', 304, 304, 1026),
(458, '2026-05-14', '08:30:00', 'Pendiente', 306, 306, 1011),
(459, '2026-05-06', '09:45:00', 'Cancelado', 304, 304, 1021),
(460, '2026-05-10', '09:30:00', 'En Preparacion', 305, 305, 1022),
(461, '2026-05-03', '15:45:00', 'Cancelado', 313, 311, 1002),
(462, '2026-05-10', '14:45:00', 'Cancelado', 315, 315, 1005),
(463, '2026-05-06', '07:00:00', 'Cancelado', 307, 307, 1023),
(464, '2026-05-09', '10:00:00', 'En Preparacion', 305, 305, 1016),
(465, '2026-05-13', '12:30:00', 'En Camino', 311, 311, 1018),
(466, '2026-05-08', '14:00:00', 'Cancelado', 311, 311, 1022),
(467, '2026-05-08', '15:30:00', 'Pendiente', 309, 309, 1016),
(468, '2026-05-06', '11:00:00', 'En Camino', 309, 309, 1015),
(469, '2026-05-06', '09:15:00', 'Pendiente', 311, 311, 1002),
(470, '2026-05-10', '11:45:00', 'Pendiente', 312, 312, 1020),
(471, '2026-05-05', '17:00:00', 'Cancelado', 312, 312, 1023),
(472, '2026-05-03', '10:30:00', 'En Preparacion', 305, 305, 1008),
(473, '2026-05-01', '17:00:00', 'En Preparacion', 315, 315, 1017),
(474, '2026-05-03', '15:00:00', 'Pendiente', 310, 310, 1019),
(475, '2026-05-14', '17:45:00', 'En Preparacion', 310, 310, 1011),
(476, '2026-05-04', '17:30:00', 'Cancelado', 315, 315, 1015),
(477, '2026-05-14', '10:30:00', 'Pendiente', 306, 306, 1025),
(478, '2026-05-05', '11:15:00', 'En Camino', 315, 312, 1026),
(479, '2026-05-05', '16:15:00', 'Pendiente', 315, 315, 1022),
(480, '2026-05-03', '16:30:00', 'Cancelado', 307, 307, 1003),
(481, '2026-05-01', '10:00:00', 'Pendiente', 309, 309, 1002),
(482, '2026-05-09', '08:00:00', 'En Camino', 306, 306, 1006),
(483, '2026-05-13', '07:15:00', 'Pendiente', 308, 308, 1017),
(484, '2026-05-06', '14:00:00', 'Pendiente', 305, 305, 1012),
(485, '2026-05-03', '15:30:00', 'En Preparacion', 315, 315, 1011),
(486, '2026-05-12', '12:00:00', 'Cancelado', 304, 304, 1025),
(487, '2026-05-04', '12:15:00', 'En Preparacion', 309, 309, 1026),
(488, '2026-05-04', '17:00:00', 'En Preparacion', 312, 314, 1027),
(489, '2026-05-09', '13:45:00', 'En Camino', 311, 311, 1018),
(490, '2026-05-04', '11:45:00', 'En Camino', 312, 312, 1029),
(491, '2026-05-02', '09:30:00', 'En Preparacion', 308, 305, 1010),
(492, '2026-05-08', '08:00:00', 'En Camino', 310, 301, 1016),
(493, '2026-05-13', '10:00:00', 'Pendiente', 302, 306, 1028),
(494, '2026-05-07', '09:45:00', 'En Camino', 304, 306, 1027),
(495, '2026-05-11', '08:00:00', 'En Camino', 308, 308, 1006),
(496, '2026-05-06', '15:45:00', 'Pendiente', 301, 301, 1013),
(497, '2026-05-06', '09:45:00', 'Entregado', 314, 306, 1017),
(498, '2026-05-10', '09:00:00', 'En Preparacion', 309, 309, 1024),
(499, '2026-05-08', '08:15:00', 'Cancelado', 310, 310, 1015),
(500, '2026-05-04', '08:15:00', 'En Preparacion', 306, 306, 1005);

-- 5. ArticuloPedido (Detalle)
INSERT INTO ArticuloPedido (ArticuloPedido, Cantidad, Pedido_IdPedido, Articulo_IdArticulo) VALUES
(501, 4, 401, 2),
(502, 5, 402, 12),
(503, 5, 403, 2),
(504, 5, 403, 14),
(505, 10, 403, 6),
(506, 4, 403, 13),
(507, 7, 404, 13),
(508, 2, 404, 11),
(509, 4, 404, 12),
(510, 3, 405, 15),
(511, 3, 405, 5),
(512, 1, 406, 4),
(513, 9, 406, 3),
(514, 2, 407, 1),
(515, 10, 407, 4),
(516, 8, 407, 12),
(517, 4, 408, 6),
(518, 4, 409, 14),
(519, 4, 409, 13),
(520, 4, 409, 2),
(521, 6, 409, 10),
(522, 8, 410, 9),
(523, 10, 410, 13),
(524, 10, 410, 8),
(525, 3, 411, 10),
(526, 3, 411, 4),
(527, 8, 411, 12),
(528, 8, 411, 11),
(529, 2, 412, 7),
(530, 5, 412, 3),
(531, 7, 412, 2),
(532, 10, 413, 15),
(533, 7, 413, 13),
(534, 2, 413, 4),
(535, 6, 413, 5),
(536, 7, 414, 13),
(537, 10, 414, 5),
(538, 8, 415, 5),
(539, 7, 415, 13),
(540, 6, 415, 1),
(541, 2, 415, 7),
(542, 6, 416, 14),
(543, 5, 416, 1),
(544, 7, 416, 15),
(545, 1, 417, 12),
(546, 5, 417, 15),
(547, 8, 418, 9),
(548, 4, 419, 3),
(549, 4, 419, 6),
(550, 6, 419, 7),
(551, 7, 419, 5),
(552, 3, 420, 5),
(553, 3, 420, 14),
(554, 2, 420, 12),
(555, 4, 421, 3),
(556, 2, 421, 15),
(557, 9, 421, 2),
(558, 5, 422, 9),
(559, 7, 423, 8),
(560, 1, 424, 7),
(561, 9, 424, 10),
(562, 4, 424, 11),
(563, 10, 424, 8),
(564, 4, 425, 13),
(565, 4, 425, 6),
(566, 10, 426, 11),
(567, 4, 426, 3),
(568, 7, 427, 8),
(569, 6, 427, 13),
(570, 10, 427, 3),
(571, 5, 427, 12),
(572, 4, 428, 5),
(573, 10, 428, 9),
(574, 3, 428, 14),
(575, 7, 429, 15),
(576, 7, 429, 12),
(577, 8, 429, 6),
(578, 7, 429, 10),
(579, 5, 430, 13),
(580, 9, 430, 8),
(581, 2, 430, 6),
(582, 10, 430, 1),
(583, 7, 431, 12),
(584, 9, 432, 14),
(585, 10, 432, 11),
(586, 2, 432, 1),
(587, 4, 433, 9),
(588, 5, 434, 1),
(589, 3, 434, 6),
(590, 8, 434, 7),
(591, 4, 435, 13),
(592, 9, 435, 14),
(593, 2, 435, 1),
(594, 7, 435, 4),
(595, 4, 436, 3),
(596, 3, 436, 15),
(597, 7, 436, 5),
(598, 10, 436, 14),
(599, 4, 437, 10),
(600, 1, 437, 8),
(601, 2, 437, 13),
(602, 8, 438, 15),
(603, 6, 438, 4),
(604, 8, 438, 8),
(605, 1, 439, 5),
(606, 10, 439, 15),
(607, 6, 440, 2),
(608, 3, 440, 13),
(609, 5, 440, 1),
(610, 7, 441, 14),
(611, 8, 442, 13),
(612, 3, 442, 11),
(613, 7, 443, 8),
(614, 6, 443, 1),
(615, 6, 444, 13),
(616, 7, 444, 8),
(617, 1, 444, 3),
(618, 10, 445, 11),
(619, 2, 445, 5),
(620, 2, 445, 8),
(621, 2, 445, 3),
(622, 5, 446, 3),
(623, 3, 446, 14),
(624, 8, 446, 8),
(625, 7, 446, 5),
(626, 7, 447, 8),
(627, 7, 447, 2),
(628, 7, 447, 11),
(629, 4, 448, 2),
(630, 6, 449, 13),
(631, 10, 449, 3),
(632, 1, 449, 14),
(633, 8, 450, 15),
(634, 8, 450, 8),
(635, 6, 450, 14),
(636, 3, 450, 9),
(637, 2, 451, 10),
(638, 2, 451, 13),
(639, 2, 452, 1),
(640, 6, 452, 11),
(641, 10, 452, 9),
(642, 10, 452, 10),
(643, 9, 453, 4),
(644, 1, 453, 11),
(645, 2, 454, 2),
(646, 1, 455, 15),
(647, 7, 455, 11),
(648, 8, 456, 10),
(649, 10, 456, 4),
(650, 8, 457, 5),
(651, 1, 458, 12),
(652, 9, 458, 8),
(653, 8, 458, 14),
(654, 8, 458, 2),
(655, 5, 459, 1),
(656, 1, 460, 11),
(657, 1, 460, 14),
(658, 2, 461, 14),
(659, 8, 461, 10),
(660, 1, 462, 14),
(661, 9, 463, 9),
(662, 4, 464, 13),
(663, 8, 465, 11),
(664, 7, 465, 7),
(665, 7, 465, 4),
(666, 5, 465, 10),
(667, 1, 466, 4),
(668, 6, 467, 4),
(669, 1, 467, 9),
(670, 1, 468, 12),
(671, 2, 468, 9),
(672, 8, 468, 6),
(673, 6, 468, 3),
(674, 4, 469, 13),
(675, 10, 469, 12),
(676, 9, 469, 11),
(677, 5, 469, 6),
(678, 3, 470, 9),
(679, 10, 470, 13),
(680, 1, 470, 12),
(681, 10, 470, 3),
(682, 6, 471, 6),
(683, 1, 472, 5),
(684, 9, 473, 12),
(685, 3, 473, 7),
(686, 8, 473, 2),
(687, 8, 473, 13),
(688, 7, 474, 3),
(689, 10, 474, 1),
(690, 4, 474, 8),
(691, 4, 474, 11),
(692, 3, 475, 7),
(693, 8, 475, 3),
(694, 10, 476, 1),
(695, 2, 476, 5),
(696, 7, 476, 7),
(697, 8, 476, 10),
(698, 2, 477, 12),
(699, 8, 477, 14),
(700, 7, 478, 5),
(701, 7, 478, 10),
(702, 3, 478, 6),
(703, 8, 478, 9),
(704, 4, 479, 13),
(705, 3, 479, 3),
(706, 5, 479, 12),
(707, 10, 479, 15),
(708, 6, 480, 12),
(709, 9, 481, 6),
(710, 8, 481, 1),
(711, 8, 482, 12),
(712, 8, 483, 14),
(713, 1, 484, 10),
(714, 1, 485, 2),
(715, 10, 486, 4),
(716, 10, 486, 10),
(717, 4, 486, 7),
(718, 6, 487, 15),
(719, 10, 487, 6),
(720, 2, 487, 4),
(721, 4, 487, 5),
(722, 9, 488, 15),
(723, 1, 488, 6),
(724, 7, 488, 14),
(725, 6, 489, 14),
(726, 1, 489, 5),
(727, 2, 490, 9),
(728, 10, 491, 10),
(729, 9, 491, 13),
(730, 3, 491, 1),
(731, 7, 491, 11),
(732, 4, 492, 3),
(733, 5, 492, 8),
(734, 8, 493, 7),
(735, 5, 493, 1),
(736, 8, 493, 5),
(737, 2, 494, 8),
(738, 9, 494, 12),
(739, 5, 495, 11),
(740, 8, 496, 15),
(741, 5, 497, 12),
(742, 2, 497, 14),
(743, 5, 498, 13),
(744, 6, 498, 3),
(745, 2, 499, 6),
(746, 10, 499, 5),
(747, 7, 500, 6),
(748, 6, 500, 10),
(749, 7, 500, 7);

-- 6. Pagos (100)
INSERT INTO Pago (IdPago, FechaPago, HoraPago, MetodoPago, Pedido_IdPedido) VALUES
(601, '2026-05-08', '15:45:00', 'Efectivo', 401),
(602, '2026-05-06', '09:30:00', 'Efectivo', 402),
(603, '2026-05-04', '18:15:00', 'Tarjeta', 403),
(604, '2026-05-05', '12:30:00', 'Efectivo', 404),
(605, '2026-05-01', '08:45:00', 'Nequi', 405),
(606, '2026-05-09', '09:00:00', 'Efectivo', 406),
(607, '2026-05-10', '17:45:00', 'Nequi', 407),
(608, '2026-05-05', '10:15:00', 'Daviplata', 408),
(609, '2026-05-03', '14:00:00', 'Efectivo', 409),
(610, '2026-05-04', '16:30:00', 'Transferencia', 410),
(611, '2026-05-09', '07:00:00', 'Daviplata', 411),
(612, '2026-05-07', '12:15:00', 'Transferencia', 412),
(613, '2026-05-01', '10:30:00', 'Efectivo', 413),
(614, '2026-05-14', '08:15:00', 'Nequi', 414),
(615, '2026-05-09', '10:00:00', 'Transferencia', 415),
(616, '2026-05-01', '14:30:00', 'Tarjeta', 416),
(617, '2026-05-04', '07:15:00', 'Nequi', 417),
(618, '2026-05-14', '16:30:00', 'Tarjeta', 418),
(619, '2026-05-07', '17:15:00', 'Tarjeta', 419),
(620, '2026-05-10', '08:15:00', 'Tarjeta', 421),
(621, '2026-05-05', '15:30:00', 'Daviplata', 422),
(622, '2026-05-02', '14:00:00', 'Efectivo', 423),
(623, '2026-05-14', '16:15:00', 'Transferencia', 424),
(624, '2026-05-01', '17:00:00', 'Daviplata', 425),
(625, '2026-05-11', '11:15:00', 'Nequi', 426),
(626, '2026-05-14', '11:30:00', 'Efectivo', 427),
(627, '2026-05-01', '11:00:00', 'Tarjeta', 428),
(628, '2026-05-03', '11:15:00', 'Daviplata', 430),
(629, '2026-05-13', '13:30:00', 'Daviplata', 431),
(630, '2026-05-14', '08:00:00', 'Transferencia', 432),
(631, '2026-05-07', '07:30:00', 'Tarjeta', 433),
(632, '2026-05-11', '09:30:00', 'Daviplata', 435),
(633, '2026-05-09', '08:15:00', 'Daviplata', 436),
(634, '2026-05-06', '10:15:00', 'Efectivo', 437),
(635, '2026-05-12', '13:00:00', 'Tarjeta', 438),
(636, '2026-05-09', '09:15:00', 'Tarjeta', 439),
(637, '2026-05-01', '14:45:00', 'Tarjeta', 440),
(638, '2026-05-05', '14:30:00', 'Transferencia', 441),
(639, '2026-05-03', '09:00:00', 'Daviplata', 442),
(640, '2026-05-13', '11:00:00', 'Daviplata', 443),
(641, '2026-05-14', '11:00:00', 'Tarjeta', 444),
(642, '2026-05-03', '12:00:00', 'Nequi', 445),
(643, '2026-05-09', '18:15:00', 'Tarjeta', 446),
(644, '2026-05-09', '12:15:00', 'Daviplata', 447),
(645, '2026-05-06', '13:30:00', 'Transferencia', 448),
(646, '2026-05-01', '15:15:00', 'Nequi', 449),
(647, '2026-05-07', '17:45:00', 'Nequi', 451),
(648, '2026-05-03', '15:45:00', 'Efectivo', 452),
(649, '2026-05-13', '13:30:00', 'Tarjeta', 453),
(650, '2026-05-06', '08:15:00', 'Nequi', 455),
(651, '2026-05-13', '17:00:00', 'Daviplata', 456),
(652, '2026-05-07', '08:15:00', 'Nequi', 457),
(653, '2026-05-10', '12:00:00', 'Daviplata', 458),
(654, '2026-05-13', '10:45:00', 'Tarjeta', 459),
(655, '2026-05-01', '15:15:00', 'Daviplata', 460),
(656, '2026-05-04', '11:15:00', 'Daviplata', 461),
(657, '2026-05-02', '07:15:00', 'Transferencia', 462),
(658, '2026-05-03', '12:45:00', 'Daviplata', 463),
(659, '2026-05-02', '08:15:00', 'Tarjeta', 464),
(660, '2026-05-01', '09:15:00', 'Tarjeta', 465),
(661, '2026-05-11', '14:30:00', 'Daviplata', 466),
(662, '2026-05-13', '14:15:00', 'Tarjeta', 467),
(663, '2026-05-12', '09:00:00', 'Daviplata', 468),
(664, '2026-05-10', '08:45:00', 'Daviplata', 469),
(665, '2026-05-12', '09:15:00', 'Daviplata', 470),
(666, '2026-05-02', '17:45:00', 'Nequi', 471),
(667, '2026-05-03', '12:15:00', 'Efectivo', 472),
(668, '2026-05-01', '11:45:00', 'Nequi', 473),
(669, '2026-05-04', '16:30:00', 'Transferencia', 474),
(670, '2026-05-12', '13:00:00', 'Nequi', 475),
(671, '2026-05-14', '17:15:00', 'Tarjeta', 476),
(672, '2026-05-14', '14:30:00', 'Daviplata', 477),
(673, '2026-05-07', '10:45:00', 'Transferencia', 478),
(674, '2026-05-10', '15:15:00', 'Nequi', 479),
(675, '2026-05-05', '17:15:00', 'Efectivo', 480),
(676, '2026-05-14', '08:15:00', 'Daviplata', 481),
(677, '2026-05-11', '11:00:00', 'Efectivo', 482),
(678, '2026-05-10', '07:30:00', 'Nequi', 483),
(679, '2026-05-12', '07:45:00', 'Nequi', 484),
(680, '2026-05-08', '12:45:00', 'Transferencia', 485),
(681, '2026-05-04', '10:15:00', 'Efectivo', 486),
(682, '2026-05-14', '08:15:00', 'Nequi', 487),
(683, '2026-05-07', '09:15:00', 'Tarjeta', 488),
(684, '2026-05-02', '09:15:00', 'Nequi', 489),
(685, '2026-05-09', '13:15:00', 'Nequi', 490),
(686, '2026-05-07', '12:00:00', 'Transferencia', 491),
(687, '2026-05-10', '10:00:00', 'Nequi', 492),
(688, '2026-05-04', '13:15:00', 'Daviplata', 493),
(689, '2026-05-04', '09:00:00', 'Daviplata', 494),
(690, '2026-05-14', '15:30:00', 'Tarjeta', 495),
(691, '2026-05-06', '14:30:00', 'Efectivo', 496),
(692, '2026-05-13', '08:45:00', 'Tarjeta', 497),
(693, '2026-05-14', '11:00:00', 'Nequi', 498),
(694, '2026-05-02', '08:30:00', 'Daviplata', 499),
(695, '2026-05-05', '10:45:00', 'Transferencia', 500);
